//Categories
INSERT INTO category(category) VALUES ("Databases");
INSERT INTO category(category) VALUES ("Java");
INSERT INTO category(category) VALUES ("PHP");
INSERT INTO category(category) VALUES ("C#");
INSERT INTO category(category) VALUES ("Python");
INSERT INTO category(category) VALUES ("R");

//Sub categories
INSERT INTO sub_category(sub_category, category_id) VALUES ("SQL", 1);
INSERT INTO sub_category(sub_category, category_id) VALUES ("NoSQL", 1);
INSERT INTO sub_category(sub_category, category_id) VALUES ("Spring", 2);
INSERT INTO sub_category(sub_category, category_id) VALUES ("Struts", 2);
INSERT INTO sub_category(sub_category, category_id) VALUES ("Laravel", 3);
INSERT INTO sub_category(sub_category, category_id) VALUES ("CodeIgniter", 3);
INSERT INTO sub_category(sub_category, category_id) VALUES (".net", 4);
INSERT INTO sub_category(sub_category, category_id) VALUES ("LINQ", 4);
INSERT INTO sub_category(sub_category, category_id) VALUES ("Django", 5);
INSERT INTO sub_category(sub_category, category_id) VALUES ("Pandas", 5);
INSERT INTO sub_category(sub_category, category_id) VALUES ("RStudio", 6);
INSERT INTO sub_category(sub_category, category_id) VALUES ("TidyVerse", 6);

//Questions
INSERT INTO `question`(`id`, `difficulty_level`, `question`, `sub_category_id`) VALUES ( 1, 1 ,'When you have a subquery inside of the main query, which query is executed first?', 1);
INSERT INTO `question`(`id`, `difficulty_level`, `question`, `sub_category_id`) VALUES ( 2, 1 ,'You need to export the entire database, including the database objects, in addition to the data. Which command-line tool do you use?', 1);
INSERT INTO `question`(`id`, `difficulty_level`, `question`, `sub_category_id`) VALUES ( 3, 1 ,'You must ensure the accuracy and reliability of the data in your database. You assign some constraints to limit the type of data that can go into a table. What type of constraints are you assigning?', 1);
INSERT INTO `question`(`id`, `difficulty_level`, `question`, `sub_category_id`) VALUES ( 4, 1 ,'Which option of most MySQL command-line programs can be used to get a description of the programs different oIf you were building a table schema to store student grades as a letter (A, B, C, D, or F) which column type would be the best choice?ptions?', 1);
INSERT INTO `question`(`id`, `difficulty_level`, `question`, `sub_category_id`) VALUES ( 5, 1 ,' MySQL uses environment variables in some of the programs and command-line operations. Which variable is used by the shell to find MySQL programs?', 1);
INSERT INTO `question`(`id`, `difficulty_level`, `question`, `sub_category_id`) VALUES ( 6, 2 ,'Which query would NOT be used to administer a MySQL server?', 1);
INSERT INTO `question`(`id`, `difficulty_level`, `question`, `sub_category_id`) VALUES ( 7, 2 ,'What is the product of the database designing phase?', 1);
INSERT INTO `question`(`id`, `difficulty_level`, `question`, `sub_category_id`) VALUES ( 8, 2 ,'MySQL server can operate in different SQL modes, depending on the value of the sql_mode system variable. Which mode changes syntax and behavior to conform more closely to standard SQL?', 1);
INSERT INTO `question`(`id`, `difficulty_level`, `question`, `sub_category_id`) VALUES ( 9, 2 ,'MySQL programs are a set of command-line utilities that are provided with typical MySQL distributions. MySQL is designed to be a database.', 1);
INSERT INTO `question`(`id`, `difficulty_level`, `question`, `sub_category_id`) VALUES ( 10, 2 ,'Which MySQL command shows the structure of a table?', 1);
INSERT INTO `question`(`id`, `difficulty_level`, `question`, `sub_category_id`) VALUES ( 11, 3 ,'MySQL uses security based on _ for all connections, queries, and other operations that users can attempt to perform.', 1);
INSERT INTO `question`(`id`, `difficulty_level`, `question`, `sub_category_id`) VALUES ( 12, 3 ,'Which MySQL command modifies data records in a table?', 1);
INSERT INTO `question`(`id`, `difficulty_level`, `question`, `sub_category_id`) VALUES ( 13, 3 ,'What is the best type of query for validating the format of an email address in a MySQL table?', 1);
INSERT INTO `question`(`id`, `difficulty_level`, `question`, `sub_category_id`) VALUES ( 14, 3 ,'In MySQL, queries are always followed by what character?', 1);
INSERT INTO `question`(`id`, `difficulty_level`, `question`, `sub_category_id`) VALUES ( 15, 3 ,'How can you remove a record using MySQL?', 1);
INSERT INTO `question`(`id`, `difficulty_level`, `question`, `sub_category_id`) VALUES ( 16, 1 ,'Which types of indexes are available in CosmosDB?', 2);
INSERT INTO `question`(`id`, `difficulty_level`, `question`, `sub_category_id`) VALUES ( 17, 1 ,'You want to connect a DynamoDB stream to AWS Lambda function?', 2);
INSERT INTO `question`(`id`, `difficulty_level`, `question`, `sub_category_id`) VALUES ( 18, 1 ,' To index a field that holds an array value in MongoDB, which index type do you create?', 2);
INSERT INTO `question`(`id`, `difficulty_level`, `question`, `sub_category_id`) VALUES ( 19, 1 ,'You want to test HBASE on your laptop using the fewest number of steps. What do you do?', 2);
INSERT INTO `question`(`id`, `difficulty_level`, `question`, `sub_category_id`) VALUES ( 20, 1 ,'You need to create a document database that supports database triggers. Which NoSQL database should you use?', 2);
INSERT INTO `question`(`id`, `difficulty_level`, `question`, `sub_category_id`) VALUES ( 21, 2 ,' What is recommended size for Redis keys?', 2);
INSERT INTO `question`(`id`, `difficulty_level`, `question`, `sub_category_id`) VALUES ( 22, 2 ,' You need to design security for DynamoDB to allow users read-only access to certain items and attributes in a table. What do you do?', 2);
INSERT INTO `question`(`id`, `difficulty_level`, `question`, `sub_category_id`) VALUES ( 23, 2 ,'What does redis use to sort the elements of a sorted set?', 2);
INSERT INTO `question`(`id`, `difficulty_level`, `question`, `sub_category_id`) VALUES ( 24, 2 ,'You need to change the shard key of an existing MongoDB collection. What do you do?', 2);
INSERT INTO `question`(`id`, `difficulty_level`, `question`, `sub_category_id`) VALUES ( 25, 2 ,'Polyglot storage means using multiple types of what in the same application?', 2);
INSERT INTO `question`(`id`, `difficulty_level`, `question`, `sub_category_id`) VALUES ( 26, 3 ,'You need to implement the simplest possible scalable, in-memory cache for your AWS application. Which service do you select?', 2);
INSERT INTO `question`(`id`, `difficulty_level`, `question`, `sub_category_id`) VALUES ( 27, 3 ,' You are doing data modelling for Google BigTable. Which statement expresses if and when you should split entities across multiple rows?', 2);
INSERT INTO `question`(`id`, `difficulty_level`, `question`, `sub_category_id`) VALUES ( 28, 3 ,'Which two characteristics define Amazon Quantum Ledger Database?', 2);
INSERT INTO `question`(`id`, `difficulty_level`, `question`, `sub_category_id`) VALUES ( 29, 3 ,'You need to design the primary key for DynamoDB based on three attributes. What do you do?', 2);
INSERT INTO `question`(`id`, `difficulty_level`, `question`, `sub_category_id`) VALUES ( 30, 3 ,'You need to design the primary key for DynamoDB based on three attributes. What do you do?', 2);
INSERT INTO `question`(`id`, `difficulty_level`, `question`, `sub_category_id`) VALUES ( 31, 1 ,'How filters are used in Spring Web?', 3);
INSERT INTO `question`(`id`, `difficulty_level`, `question`, `sub_category_id`) VALUES ( 32, 1 ,'How is a resource defined in the context of a REST service?', 3);
INSERT INTO `question`(`id`, `difficulty_level`, `question`, `sub_category_id`) VALUES ( 33, 1 ,'Which of these is a valid Advice annotation?', 3);
INSERT INTO `question`(`id`, `difficulty_level`, `question`, `sub_category_id`) VALUES ( 34, 1 ,'What does a ViewResolver do?', 3);
INSERT INTO `question`(`id`, `difficulty_level`, `question`, `sub_category_id`) VALUES ( 35, 1 ,'How are Spring Data repositories implemented by Spring at runtime?', 3);
INSERT INTO `question`(`id`, `difficulty_level`, `question`, `sub_category_id`) VALUES ( 36, 2 ,'What is SpEL and how is it used in Spring?', 3);
INSERT INTO `question`(`id`, `difficulty_level`, `question`, `sub_category_id`) VALUES ( 37, 2 ,'The process of linking aspects with other objects to create an advised object is called', 3);
INSERT INTO `question`(`id`, `difficulty_level`, `question`, `sub_category_id`) VALUES ( 38, 2 ,'How are JDK Dynamic proxies and CGLIB proxies used in Spring?', 3);
INSERT INTO `question`(`id`, `difficulty_level`, `question`, `sub_category_id`) VALUES ( 39, 2 ,'Which of these is not a valid method on the JoinPoint interface?', 3);
INSERT INTO `question`(`id`, `difficulty_level`, `question`, `sub_category_id`) VALUES ( 40, 2 ,'In what order do the @PostConstruct annotated method, the init-method parameter method on beans and the afterPropertiesSet() method execute?', 3);
INSERT INTO `question`(`id`, `difficulty_level`, `question`, `sub_category_id`) VALUES ( 41, 3 ,'What is the function of the @Transactional annotation at the class level?', 3);
INSERT INTO `question`(`id`, `difficulty_level`, `question`, `sub_category_id`) VALUES ( 42, 3 ,'What is the root interface for accessing a Spring bean container?', 3);
INSERT INTO `question`(`id`, `difficulty_level`, `question`, `sub_category_id`) VALUES ( 43, 3 ,'Which annotation can be used within Spring Security to apply method level security?', 3);
INSERT INTO `question`(`id`, `difficulty_level`, `question`, `sub_category_id`) VALUES ( 44, 3 ,'What is the purpose of the @Lazy annotation and why would you use it?', 3);
INSERT INTO `question`(`id`, `difficulty_level`, `question`, `sub_category_id`) VALUES ( 45, 3 ,'What is dependency injection?', 3);
INSERT INTO `question`(`id`, `difficulty_level`, `question`, `sub_category_id`) VALUES ( 46, 1 ,'Which of the following is correct about FreeMaker result type?', 4);
INSERT INTO `question`(`id`, `difficulty_level`, `question`, `sub_category_id`) VALUES ( 47, 1 ,'Which technology can be used at View Layer in Struts?', 4);
INSERT INTO `question`(`id`, `difficulty_level`, `question`, `sub_category_id`) VALUES ( 48, 1 ,' In which configuration file is a link between the View and Model components in the Web Client but you would not have to touch these settings for 99.99% of your projects?', 4);
INSERT INTO `question`(`id`, `difficulty_level`, `question`, `sub_category_id`) VALUES ( 49, 1 ,'ActionServlet, RequestProcessor and Action classes are the components of', 4);
INSERT INTO `question`(`id`, `difficulty_level`, `question`, `sub_category_id`) VALUES ( 50, 1 ,'In Which technology Struts 2 provides various types of tags such as UI tags, Data tags, control tags etc. to ease the development of struts 2 application?', 4);
INSERT INTO `question`(`id`, `difficulty_level`, `question`, `sub_category_id`) VALUES ( 51, 2 ,'How to override default configuration of struts 2', 4);
INSERT INTO `question`(`id`, `difficulty_level`, `question`, `sub_category_id`) VALUES ( 52, 2 ,' Struts supports which of these model components?', 4);
INSERT INTO `question`(`id`, `difficulty_level`, `question`, `sub_category_id`) VALUES ( 53, 2 ,'What does validate() method of ActionForm returns?', 4);
INSERT INTO `question`(`id`, `difficulty_level`, `question`, `sub_category_id`) VALUES ( 54, 2 ,'Which is used to make asynchronous request i.e. it doesnt block the user and it sends only required field data to the server side not all, So it makes the performance fast?', 4);
INSERT INTO `question`(`id`, `difficulty_level`, `question`, `sub_category_id`) VALUES ( 55, 2 ,'Which type of validation we must implement the Validateable interface (or extend ActionSupport class) and provide the implementation of validate method?', 4);
INSERT INTO `question`(`id`, `difficulty_level`, `question`, `sub_category_id`) VALUES ( 56, 3 ,'Which of the following delegates the request handling to the RequestProcessor instance?', 4);
INSERT INTO `question`(`id`, `difficulty_level`, `question`, `sub_category_id`) VALUES ( 57, 3 ,'What is the role of ActionContextCleanUp class in struts 2?', 4);
INSERT INTO `question`(`id`, `difficulty_level`, `question`, `sub_category_id`) VALUES ( 58, 3 ,'Which of the following methods is overridden by Action class?', 4);
INSERT INTO `question`(`id`, `difficulty_level`, `question`, `sub_category_id`) VALUES ( 59, 3 ,'reset() method signature in ActionForm?', 4);
INSERT INTO `question`(`id`, `difficulty_level`, `question`, `sub_category_id`) VALUES ( 60, 3 ,' Which of the following tag is used to render a I18n text message?', 4);
INSERT INTO `question`(`id`, `difficulty_level`, `question`, `sub_category_id`) VALUES ( 61, 1 ,'Which method returns the average value of a given key ?', 5);
INSERT INTO `question`(`id`, `difficulty_level`, `question`, `sub_category_id`) VALUES ( 62, 1 ,'Bootstrap directory in Laravel is used to', 5);
INSERT INTO `question`(`id`, `difficulty_level`, `question`, `sub_category_id`) VALUES ( 63, 1 ,'Which artisan command is used to remove the compiled class file.', 5);
INSERT INTO `question`(`id`, `difficulty_level`, `question`, `sub_category_id`) VALUES ( 64, 1 ,'Which method breaks the collection into multiple, smaller collections of a given size', 5);
INSERT INTO `question`(`id`, `difficulty_level`, `question`, `sub_category_id`) VALUES ( 65, 1 ,'Artisan command to flush the application cache:', 5);
INSERT INTO `question`(`id`, `difficulty_level`, `question`, `sub_category_id`) VALUES ( 66, 2 ,'The vendor directory contains', 5);
INSERT INTO `question`(`id`, `difficulty_level`, `question`, `sub_category_id`) VALUES ( 67, 2 ,'Where is the routing file located in Laravel ?', 5);
INSERT INTO `question`(`id`, `difficulty_level`, `question`, `sub_category_id`) VALUES ( 68, 2 ,'View files in Laravel end in', 5);
INSERT INTO `question`(`id`, `difficulty_level`, `question`, `sub_category_id`) VALUES ( 69, 2 ,'Which of following command is used to create a symbolic link from "public/storage" directory to "storage/app/public".', 5);
INSERT INTO `question`(`id`, `difficulty_level`, `question`, `sub_category_id`) VALUES ( 70, 2 ,'Which of following methods are used in database migrations classes?', 5);
INSERT INTO `question`(`id`, `difficulty_level`, `question`, `sub_category_id`) VALUES ( 71, 3 ,'For what do the .env is used?', 5);
INSERT INTO `question`(`id`, `difficulty_level`, `question`, `sub_category_id`) VALUES ( 72, 3 ,'Which directory contain “robot.txt” file ?', 5);
INSERT INTO `question`(`id`, `difficulty_level`, `question`, `sub_category_id`) VALUES ( 73, 3 ,'Interpolation of variable in laravel done using', 5);
INSERT INTO `question`(`id`, `difficulty_level`, `question`, `sub_category_id`) VALUES ( 74, 3 ,'What is the HTTP Status Code for your website. When it is down for maintenance.', 5);
INSERT INTO `question`(`id`, `difficulty_level`, `question`, `sub_category_id`) VALUES ( 75, 3 ,'Where do we need to set database connection in Laravel?', 5);
INSERT INTO `question`(`id`, `difficulty_level`, `question`, `sub_category_id`) VALUES ( 76, 1 ,'What is codeigniter?', 6);
INSERT INTO `question`(`id`, `difficulty_level`, `question`, `sub_category_id`) VALUES ( 77, 1 ,'What is codeigniter used for', 6);
INSERT INTO `question`(`id`, `difficulty_level`, `question`, `sub_category_id`) VALUES ( 78, 1 ,'List features of Codeigniter?', 6);
INSERT INTO `question`(`id`, `difficulty_level`, `question`, `sub_category_id`) VALUES ( 79, 1 ,'Codeigniter was initially released in', 6);
INSERT INTO `question`(`id`, `difficulty_level`, `question`, `sub_category_id`) VALUES ( 80, 1 ,'Which one is the business logic in codeigniter?', 6);
INSERT INTO `question`(`id`, `difficulty_level`, `question`, `sub_category_id`) VALUES ( 81, 2 ,'Which of the followings are the different types of hook point in Codeigniter?', 6);
INSERT INTO `question`(`id`, `difficulty_level`, `question`, `sub_category_id`) VALUES ( 82, 2 ,'The routing file is located in ............. in CodeIgniter.', 6);
INSERT INTO `question`(`id`, `difficulty_level`, `question`, `sub_category_id`) VALUES ( 83, 2 ,'Which of the following ORM is supported by CodeIgniter Framework?', 6);
INSERT INTO `question`(`id`, `difficulty_level`, `question`, `sub_category_id`) VALUES ( 84, 2 ,'Which of the following function is use to set the value of form input box ?', 6);
INSERT INTO `question`(`id`, `difficulty_level`, `question`, `sub_category_id`) VALUES ( 85, 2 ,'How to update data using Active Record Pattern in CodeIgniter?', 6);
INSERT INTO `question`(`id`, `difficulty_level`, `question`, `sub_category_id`) VALUES ( 86, 3 ,'Which of the follwoing will be treated as method in that URI?', 6);
INSERT INTO `question`(`id`, `difficulty_level`, `question`, `sub_category_id`) VALUES ( 87, 3 ,'Which function gives you to view file friendly syntax to get browser cookies?', 6);
INSERT INTO `question`(`id`, `difficulty_level`, `question`, `sub_category_id`) VALUES ( 88, 3 ,'You can display the amount of memory used by the system by calling:', 6);
INSERT INTO `question`(`id`, `difficulty_level`, `question`, `sub_category_id`) VALUES ( 89, 3 ,'Which folder will contain base class of your application?', 6);
INSERT INTO `question`(`id`, `difficulty_level`, `question`, `sub_category_id`) VALUES ( 90, 3 ,'The _________ file contains functions that assist in working with arrays', 6);

//Answers
INSERT INTO `answer`(`answer`, `correct`, `question_id`) VALUES ('The subquery is never executed. Only the main query is executed.',0,1);
INSERT INTO `answer`(`answer`, `correct`, `question_id`) VALUES (' They are executed at the same time',0,1);
INSERT INTO `answer`(`answer`, `correct`, `question_id`) VALUES (' the main query',0,1);
INSERT INTO `answer`(`answer`, `correct`, `question_id`) VALUES (' the subquery',1,1);
INSERT INTO `answer`(`answer`, `correct`, `question_id`) VALUES ('mysqlexport',0,2);
INSERT INTO `answer`(`answer`, `correct`, `question_id`) VALUES ('mysqladmin',0,2);
INSERT INTO `answer`(`answer`, `correct`, `question_id`) VALUES ('mysqldump',1,2);
INSERT INTO `answer`(`answer`, `correct`, `question_id`) VALUES ('mysqld',0,2);
INSERT INTO `answer`(`answer`, `correct`, `question_id`) VALUES (' row level',0,3);
INSERT INTO `answer`(`answer`, `correct`, `question_id`) VALUES (' database level',0,3);
INSERT INTO `answer`(`answer`, `correct`, `question_id`) VALUES (' column level',1,3);
INSERT INTO `answer`(`answer`, `correct`, `question_id`) VALUES (' function level',0,3);
INSERT INTO `answer`(`answer`, `correct`, `question_id`) VALUES (' --options',0,4);
INSERT INTO `answer`(`answer`, `correct`, `question_id`) VALUES (' ?',0,4);
INSERT INTO `answer`(`answer`, `correct`, `question_id`) VALUES (' --help',1,4);
INSERT INTO `answer`(`answer`, `correct`, `question_id`) VALUES (' -h',0,4);
INSERT INTO `answer`(`answer`, `correct`, `question_id`) VALUES ('DIR',0,5);
INSERT INTO `answer`(`answer`, `correct`, `question_id`) VALUES ('HOME',0,5);
INSERT INTO `answer`(`answer`, `correct`, `question_id`) VALUES ('PATH',1,5);
INSERT INTO `answer`(`answer`, `correct`, `question_id`) VALUES ('MYSQL_HOME',0,5);
INSERT INTO `answer`(`answer`, `correct`, `question_id`) VALUES (' USE db',0,6);
INSERT INTO `answer`(`answer`, `correct`, `question_id`) VALUES (' SELECT column FROM tbl',1,6);
INSERT INTO `answer`(`answer`, `correct`, `question_id`) VALUES (' SHOW COLUMNS FROM tbl',0,6);
INSERT INTO `answer`(`answer`, `correct`, `question_id`) VALUES (' SHOW TABLES',0,6);
INSERT INTO `answer`(`answer`, `correct`, `question_id`) VALUES (' system definition',0,7);
INSERT INTO `answer`(`answer`, `correct`, `question_id`) VALUES (' logical model',1,7);
INSERT INTO `answer`(`answer`, `correct`, `question_id`) VALUES (' physical model',0,7);
INSERT INTO `answer`(`answer`, `correct`, `question_id`) VALUES (' normalized database',0,7);
INSERT INTO `answer`(`answer`, `correct`, `question_id`) VALUES (' TRADITIONAL',0,8);
INSERT INTO `answer`(`answer`, `correct`, `question_id`) VALUES ('ANSI',1,8);
INSERT INTO `answer`(`answer`, `correct`, `question_id`) VALUES ('MSSQL',0,8);
INSERT INTO `answer`(`answer`, `correct`, `question_id`) VALUES ('STRICT',0,8);
INSERT INTO `answer`(`answer`, `correct`, `question_id`) VALUES (' database and programming',0,9);
INSERT INTO `answer`(`answer`, `correct`, `question_id`) VALUES (' user and administrator',0,9);
INSERT INTO `answer`(`answer`, `correct`, `question_id`) VALUES (' client and server',1,9);
INSERT INTO `answer`(`answer`, `correct`, `question_id`) VALUES (' syntax and objects',0,9);
INSERT INTO `answer`(`answer`, `correct`, `question_id`) VALUES (' INFO table;',0,10);
INSERT INTO `answer`(`answer`, `correct`, `question_id`) VALUES (' SHOW table;',0,10);
INSERT INTO `answer`(`answer`, `correct`, `question_id`) VALUES (' STRUCTURE table;',0,10);
INSERT INTO `answer`(`answer`, `correct`, `question_id`) VALUES (' DESCRIBE table;',1,10);
INSERT INTO `answer`(`answer`, `correct`, `question_id`) VALUES (' administrator schema',0,11);
INSERT INTO `answer`(`answer`, `correct`, `question_id`) VALUES (' encrypted algorithms',0,11);
INSERT INTO `answer`(`answer`, `correct`, `question_id`) VALUES (' user settings',0,11);
INSERT INTO `answer`(`answer`, `correct`, `question_id`) VALUES (' access control lists reference',1,11);
INSERT INTO `answer`(`answer`, `correct`, `question_id`) VALUES (' UPDATE',1,12);
INSERT INTO `answer`(`answer`, `correct`, `question_id`) VALUES ('MODIFY',0,12);
INSERT INTO `answer`(`answer`, `correct`, `question_id`) VALUES ('CHANGE',0,12);
INSERT INTO `answer`(`answer`, `correct`, `question_id`) VALUES ('ALTER',0,12);
INSERT INTO `answer`(`answer`, `correct`, `question_id`) VALUES (' a SQL query using partitions',0,13);
INSERT INTO `answer`(`answer`, `correct`, `question_id`) VALUES (' a SQL query using IS NULL',0,13);
INSERT INTO `answer`(`answer`, `correct`, `question_id`) VALUES (' a SQL query using a regular expression',1,13);
INSERT INTO `answer`(`answer`, `correct`, `question_id`) VALUES (' a SQL query using LTRIM Or RTRIM',0,13);
INSERT INTO `answer`(`answer`, `correct`, `question_id`) VALUES (' line break',0,14);
INSERT INTO `answer`(`answer`, `correct`, `question_id`) VALUES ('colon',0,14);
INSERT INTO `answer`(`answer`, `correct`, `question_id`) VALUES (' semicolon',1,14);
INSERT INTO `answer`(`answer`, `correct`, `question_id`) VALUES ('period',0,14);
INSERT INTO `answer`(`answer`, `correct`, `question_id`) VALUES ('DELETE',0,15);
INSERT INTO `answer`(`answer`, `correct`, `question_id`) VALUES (' DELETE FROM',1,15);
INSERT INTO `answer`(`answer`, `correct`, `question_id`) VALUES ('REMOVE',0,15);
INSERT INTO `answer`(`answer`, `correct`, `question_id`) VALUES (' REMOVE FROM',0,15);
INSERT INTO `answer`(`answer`, `correct`, `question_id`) VALUES (' range and spatial',1,16);
INSERT INTO `answer`(`answer`, `correct`, `question_id`) VALUES (' secondary and primary key',0,16);
INSERT INTO `answer`(`answer`, `correct`, `question_id`) VALUES (' secondary and spatial',0,16);
INSERT INTO `answer`(`answer`, `correct`, `question_id`) VALUES (' range and primary key',0,16);
INSERT INTO `answer`(`answer`, `correct`, `question_id`) VALUES (' DynamoDB table',0,17);
INSERT INTO `answer`(`answer`, `correct`, `question_id`) VALUES (' DynamoDB trigger',1,17);
INSERT INTO `answer`(`answer`, `correct`, `question_id`) VALUES (' DynamoDB item',0,17);
INSERT INTO `answer`(`answer`, `correct`, `question_id`) VALUES (' DynamoDB index',0,17);
INSERT INTO `answer`(`answer`, `correct`, `question_id`) VALUES ('partial',0,18);
INSERT INTO `answer`(`answer`, `correct`, `question_id`) VALUES ('sparse',0,18);
INSERT INTO `answer`(`answer`, `correct`, `question_id`) VALUES ('compound',0,18);
INSERT INTO `answer`(`answer`, `correct`, `question_id`) VALUES ('multikey',1,18);
INSERT INTO `answer`(`answer`, `correct`, `question_id`) VALUES (' Set up Hadoop in pseudo-distributed mode.',0,19);
INSERT INTO `answer`(`answer`, `correct`, `question_id`) VALUES (' Set up HBASE in local mode.',0,19);
INSERT INTO `answer`(`answer`, `correct`, `question_id`) VALUES (' Set up HBASE in pseudo-distributed mode.',1,19);
INSERT INTO `answer`(`answer`, `correct`, `question_id`) VALUES (' Set up Hadoop in local mode.',0,19);
INSERT INTO `answer`(`answer`, `correct`, `question_id`) VALUES ('DynamoDB',1,20);
INSERT INTO `answer`(`answer`, `correct`, `question_id`) VALUES ('BigTable',0,20);
INSERT INTO `answer`(`answer`, `correct`, `question_id`) VALUES ('Redis',0,20);
INSERT INTO `answer`(`answer`, `correct`, `question_id`) VALUES ('MongoDB',0,20);
INSERT INTO `answer`(`answer`, `correct`, `question_id`) VALUES ('medium',0,21);
INSERT INTO `answer`(`answer`, `correct`, `question_id`) VALUES ('short',1,21);
INSERT INTO `answer`(`answer`, `correct`, `question_id`) VALUES (' single bit',0,21);
INSERT INTO `answer`(`answer`, `correct`, `question_id`) VALUES ('long',0,21);
INSERT INTO `answer`(`answer`, `correct`, `question_id`) VALUES (' Use lAM policy conditions',0,22);
INSERT INTO `answer`(`answer`, `correct`, `question_id`) VALUES (' Use lAM roles',0,22);
INSERT INTO `answer`(`answer`, `correct`, `question_id`) VALUES (' Use VPC endpoint',0,22);
INSERT INTO `answer`(`answer`, `correct`, `question_id`) VALUES (' Use lAM policies',1,22);
INSERT INTO `answer`(`answer`, `correct`, `question_id`) VALUES ('Scores',0,23);
INSERT INTO `answer`(`answer`, `correct`, `question_id`) VALUES ('Ids',0,23);
INSERT INTO `answer`(`answer`, `correct`, `question_id`) VALUES ('Values',0,23);
INSERT INTO `answer`(`answer`, `correct`, `question_id`) VALUES ('Keys',1,23);
INSERT INTO `answer`(`answer`, `correct`, `question_id`) VALUES (' Dump the collection data, drop the collection, create a new collection and shard key, import the data.',0,24);
INSERT INTO `answer`(`answer`, `correct`, `question_id`) VALUES (' Add second shard key and drop the first shard key.',0,24);
INSERT INTO `answer`(`answer`, `correct`, `question_id`) VALUES (' Dump the collection data, drop the collection, presplit the data, create a new collection and shard key, import the data.',1,24);
INSERT INTO `answer`(`answer`, `correct`, `question_id`) VALUES (' Drop and recreate the shard key.',0,24);
INSERT INTO `answer`(`answer`, `correct`, `question_id`) VALUES (' Security systems.',0,25);
INSERT INTO `answer`(`answer`, `correct`, `question_id`) VALUES (' Database systems.',0,25);
INSERT INTO `answer`(`answer`, `correct`, `question_id`) VALUES (' Storage systems.',0,25);
INSERT INTO `answer`(`answer`, `correct`, `question_id`) VALUES (' Query systems.',0,25);
INSERT INTO `answer`(`answer`, `correct`, `question_id`) VALUES (' Elasticache using Memcached.',0,26);
INSERT INTO `answer`(`answer`, `correct`, `question_id`) VALUES ('DynamoDB',0,26);
INSERT INTO `answer`(`answer`, `correct`, `question_id`) VALUES (' DynamoDB Accelerator (DAX).',0,26);
INSERT INTO `answer`(`answer`, `correct`, `question_id`) VALUES (' Elasticache using Redis.',1,26);
INSERT INTO `answer`(`answer`, `correct`, `question_id`) VALUES (' Keep all information for an entity in a single row. Store related entities in adjacent rows.',0,27);
INSERT INTO `answer`(`answer`, `correct`, `question_id`) VALUES (' Keep all information for an entity in a single row.',0,27);
INSERT INTO `answer`(`answer`, `correct`, `question_id`) VALUES (' Split entities across multiple rows if the entity data is over thousands of MBs, or if it does not need atomic updates and reads.',0,27);
INSERT INTO `answer`(`answer`, `correct`, `question_id`) VALUES (' Split entities across multiple rows if the entity data is over hundreds of MBs, or if it does not need atomic updates and reads.',1,27);
INSERT INTO `answer`(`answer`, `correct`, `question_id`) VALUES (' Key-value data model; transactionally consistent with ACID semantics.',0,28);
INSERT INTO `answer`(`answer`, `correct`, `question_id`) VALUES (' Document data model; transactionally consistent with ACID semantics.',1,28);
INSERT INTO `answer`(`answer`, `correct`, `question_id`) VALUES (' Key-value data model; transactions with tunable consistency.',0,28);
INSERT INTO `answer`(`answer`, `correct`, `question_id`) VALUES (' Document data model; transactions with tunable consistency.',0,28);
INSERT INTO `answer`(`answer`, `correct`, `question_id`) VALUES (' Designate all three fields as the primary key.',0,29);
INSERT INTO `answer`(`answer`, `correct`, `question_id`) VALUES (' Concatenate all three fields into one new field, then designate that new field as the primary key.',1,29);
INSERT INTO `answer`(`answer`, `correct`, `question_id`) VALUES (' Designate two fields of the three fields as the primary key.',0,29);
INSERT INTO `answer`(`answer`, `correct`, `question_id`) VALUES (' Concatenate two fields into one new field, then designate that new field and the remaining field as the primary key.',0,29);
INSERT INTO `answer`(`answer`, `correct`, `question_id`) VALUES (' Designate all three fields as the primary key.',0,30);
INSERT INTO `answer`(`answer`, `correct`, `question_id`) VALUES (' Concatenate all three fields into one new field, then designate that new field as the primary key.',1,30);
INSERT INTO `answer`(`answer`, `correct`, `question_id`) VALUES (' Designate two fields of the three fields as the primary key.',0,30);
INSERT INTO `answer`(`answer`, `correct`, `question_id`) VALUES (' Concatenate two fields into one new field, then designate that new field and the remaining field as the primary key.',0,30);
INSERT INTO `answer`(`answer`, `correct`, `question_id`) VALUES (' Filters are called before a request hits the DispatcherServlet.They allow for interception-style, chained processing of web requests for security, timeouts, and other purposes.',0,31);
INSERT INTO `answer`(`answer`, `correct`, `question_id`) VALUES (' Filters are used with a checksum algorithm that will filter invalid bytes out of a byte stream request body and allow for processing of HTTP requests from the DispatcherRequestServlet.',0,31);
INSERT INTO `answer`(`answer`, `correct`, `question_id`) VALUES (' Filters are used with a checksum algorithm that will filter invalid bytes out of an octet stream a multipart upload and allow for chained processing of WebDispatcherServlet requests.',0,31);
INSERT INTO `answer`(`answer`, `correct`, `question_id`) VALUES (' Filters are used to validate request parameters out of the byte stream request body and allow for processing of requests from the DispatcherRequestServlet.',1,31);
INSERT INTO `answer`(`answer`, `correct`, `question_id`) VALUES (' A resource is the actual String literal that composes a URI that is accessed on a RESTful web service.',0,32);
INSERT INTO `answer`(`answer`, `correct`, `question_id`) VALUES (' It is an abstract concept that represents a typed object, data, relationships, and a set of methods that operate on it that is accessed via a URI.',1,32);
INSERT INTO `answer`(`answer`, `correct`, `question_id`) VALUES (' A REST service has a pool of resources composed of allocations of memory that allow a request to be processed.',0,32);
INSERT INTO `answer`(`answer`, `correct`, `question_id`) VALUES (' A resource for a REST service is an explicit allocation of a thread or CPU cycles to allow a request to be processed.',0,32);
INSERT INTO `answer`(`answer`, `correct`, `question_id`) VALUES (' @AfterError',0,33);
INSERT INTO `answer`(`answer`, `correct`, `question_id`) VALUES (' @AfterReturning',1,33);
INSERT INTO `answer`(`answer`, `correct`, `question_id`) VALUES (' @AfterException',0,33);
INSERT INTO `answer`(`answer`, `correct`, `question_id`) VALUES (' @AfterExecution',0,33);
INSERT INTO `answer`(`answer`, `correct`, `question_id`) VALUES (' It supports internationalization of web applications by detecting a users locale.',0,34);
INSERT INTO `answer`(`answer`, `correct`, `question_id`) VALUES (' It generates a view by mapping a logical view name returned by a controller method to a view technology.',1,34);
INSERT INTO `answer`(`answer`, `correct`, `question_id`) VALUES (' It creates a unique view determined by the users browser type,supporting cross-browser compatibility.',0,34);
INSERT INTO `answer`(`answer`, `correct`, `question_id`) VALUES (' It maps custom parameters to SQL views in the database, allowing for dynamic content to be created in the response.',0,34);
INSERT INTO `answer`(`answer`, `correct`, `question_id`) VALUES (' Spring automatically generated code for you based on your YAML config that defined a MethodInterceptor chain that intercept calls to the instance and computed SQL on the fly.',0,35);
INSERT INTO `answer`(`answer`, `correct`, `question_id`) VALUES (' A JDK proxy instance is created, which backs the repository interface, and a MethodInterceptor intercepts calls to the instance and routes as required.',1,35);
INSERT INTO `answer`(`answer`, `correct`, `question_id`) VALUES (' The Spring JDK proxy creates a separate runtime process that acts as an intermediary between the database and the Web server, and intercepts calls to the instance and handles requests.',0,35);
INSERT INTO `answer`(`answer`, `correct`, `question_id`) VALUES (' Spring automatically generated code for you based on your XML config files that define a SpringMethodAutoGeneration factory that intercepts calls to the instance and creates dynamic method that computer SQL on the fly.',0,35);
INSERT INTO `answer`(`answer`, `correct`, `question_id`) VALUES (' SpEL(Spring Expression Language) runs in the JVM and can act as a drop-in replacement for Groovy or other languages.',0,36);
INSERT INTO `answer`(`answer`, `correct`, `question_id`) VALUES (' SpEL(Spring Expression Language) supports boolean and relational operators and regular expressions, and is used for querying a graph of objects at runtime.',1,36);
INSERT INTO `answer`(`answer`, `correct`, `question_id`) VALUES (' SpEL(Spring Expression Language) allows you to build, configure,and execute tasks such as building artifacts and downloading object dependencies.',0,36);
INSERT INTO `answer`(`answer`, `correct`, `question_id`) VALUES (' SpEL(Spring Expression Language) natively transpiles one JVM language to another, allowing for greater flexibility.',0,36);
INSERT INTO `answer`(`answer`, `correct`, `question_id`) VALUES (' dynamic chaining',0,37);
INSERT INTO `answer`(`answer`, `correct`, `question_id`) VALUES (' banding',0,37);
INSERT INTO `answer`(`answer`, `correct`, `question_id`) VALUES ('weaving',1,37);
INSERT INTO `answer`(`answer`, `correct`, `question_id`) VALUES (' interleaving',0,37);
INSERT INTO `answer`(`answer`, `correct`, `question_id`) VALUES (' JDK Dynamic proxy can proxy only interface, so it is used if the target implements at least one interface. A CGLIB proxy can create a proxy by subclassing and is used if the target does not implement an interface.',1,38);
INSERT INTO `answer`(`answer`, `correct`, `question_id`) VALUES (' Only JDK Dynamic proxies are used in the Spring Bean Lifecycle. CGLIB proxies are used only for integrating with other frameworks.',0,38);
INSERT INTO `answer`(`answer`, `correct`, `question_id`) VALUES (' Only CGLIB proxies are used in the Spring Bean Lifecycle. JDK Dynamic proxies are used only for integrating with other frameworks.',0,38);
INSERT INTO `answer`(`answer`, `correct`, `question_id`) VALUES (' JDK Dynamic proxy can only using an abstract class extended by a target. A CGLIB proxy can create a proxy through bytecode interweaving and is used if the target does not extend an abstract class.',0,38);
INSERT INTO `answer`(`answer`, `correct`, `question_id`) VALUES (' getArgs()',0,39);
INSERT INTO `answer`(`answer`, `correct`, `question_id`) VALUES (' getExceptions()',1,39);
INSERT INTO `answer`(`answer`, `correct`, `question_id`) VALUES (' getSignature()',0,39);
INSERT INTO `answer`(`answer`, `correct`, `question_id`) VALUES (' getTarget()',0,39);
INSERT INTO `answer`(`answer`, `correct`, `question_id`) VALUES (' 1. afterPropertiesSet() 2. init-method 3. @PostConstruct',0,40);
INSERT INTO `answer`(`answer`, `correct`, `question_id`) VALUES (' 1. @PostConstruct 2. afterPropertiesSet() 3. init-method',1,40);
INSERT INTO `answer`(`answer`, `correct`, `question_id`) VALUES (' 1. init-method 2. afterPropertiesSet() 3. @PostConstruct',0,40);
INSERT INTO `answer`(`answer`, `correct`, `question_id`) VALUES (' You cannot use these methods together-you must choose only one.',0,40);
INSERT INTO `answer`(`answer`, `correct`, `question_id`) VALUES (' Its a transaction attribute configured by spring.security.transactions.xml config file that uses Springs transaction implementation and validation code.',0,41);
INSERT INTO `answer`(`answer`, `correct`, `question_id`) VALUES (' Its a transaction must actively validate by the bytecode of a transaction using Springs TransactionBytecodeValidator class. Default Transaction behavior rolls back on validation exception but commits on proper validation',0,41);
INSERT INTO `answer`(`answer`, `correct`, `question_id`) VALUES (' It creates a proxy that implements the same interface(s) as the annotated class, allowing Spring to inject behaviors before, after, or around method calls into the object being proxied.',1,41);
INSERT INTO `answer`(`answer`, `correct`, `question_id`) VALUES (' Its a transaction that must be actively validated by Springs TransactionValidator class using Springs transaction validation code. Default Transaction behavior rolls back on validation exception.',0,41);
INSERT INTO `answer`(`answer`, `correct`, `question_id`) VALUES (' SpringInitContainer',0,42);
INSERT INTO `answer`(`answer`, `correct`, `question_id`) VALUES ('ResourceLoader',0,42);
INSERT INTO `answer`(`answer`, `correct`, `question_id`) VALUES ('ApplicationEventPublisher',0,42);
INSERT INTO `answer`(`answer`, `correct`, `question_id`) VALUES ('BeanFactory',1,42);
INSERT INTO `answer`(`answer`, `correct`, `question_id`) VALUES (' @Secured',1,43);
INSERT INTO `answer`(`answer`, `correct`, `question_id`) VALUES (' @RequiresRole',0,43);
INSERT INTO `answer`(`answer`, `correct`, `question_id`) VALUES (' @RestrictedTo',0,43);
INSERT INTO `answer`(`answer`, `correct`, `question_id`) VALUES (' @SecurePath',0,43);
INSERT INTO `answer`(`answer`, `correct`, `question_id`) VALUES (' It prevents a bean from being created and injected until you run a specific CLI command. It reduces complexity in the application.',0,44);
INSERT INTO `answer`(`answer`, `correct`, `question_id`) VALUES (' It can be applied to a bean so that the bean is not persisted in the database. It reduces the number of database operations.',0,44);
INSERT INTO `answer`(`answer`, `correct`, `question_id`) VALUES (' It can be applied to a bean so that the bean is not created and injected until it is needed. It can help speed up startup time for your application.',1,44);
INSERT INTO `answer`(`answer`, `correct`, `question_id`) VALUES (' It prevents a bean from being created and injected until it receives a HTTP request to a callback hook. It reduces disk footprint.',0,44);
INSERT INTO `answer`(`answer`, `correct`, `question_id`) VALUES (' a method by which objects define dependencies they need as abstractions that allows the framework to instantiate and configure them in a central location at runtime.',1,45);
INSERT INTO `answer`(`answer`, `correct`, `question_id`) VALUES (' a paradigm where dependent code is injected into the bytecode of a Java application on a remote server.',0,45);
INSERT INTO `answer`(`answer`, `correct`, `question_id`) VALUES (' a way of injecting remote dependencies into a pre-packaged JAR file from the file system.',0,45);
INSERT INTO `answer`(`answer`, `correct`, `question_id`) VALUES (' a way of injecting remote dependencies into a pre-packaged WAR file from the file system.',0,45);
INSERT INTO `answer`(`answer`, `correct`, `question_id`) VALUES ('It is used to forward to a servlet, JSP, HTML page, and so on, on the server. It uses the RequestDispatcher.forward() method',0,46);
INSERT INTO `answer`(`answer`, `correct`, `question_id`) VALUES ('It is used to generate output using predefined templates',1,46);
INSERT INTO `answer`(`answer`, `correct`, `question_id`) VALUES (' It calls the standard response.sendRedirect() method, causing the browser to create a new request to the given location',0,46);
INSERT INTO `answer`(`answer`, `correct`, `question_id`) VALUES (' None of the above',0,46);
INSERT INTO `answer`(`answer`, `correct`, `question_id`) VALUES ('J2EE',0,47);
INSERT INTO `answer`(`answer`, `correct`, `question_id`) VALUES ('DHTML',0,47);
INSERT INTO `answer`(`answer`, `correct`, `question_id`) VALUES ('XML/XSLT',1,47);
INSERT INTO `answer`(`answer`, `correct`, `question_id`) VALUES ('JavaScript',0,47);
INSERT INTO `answer`(`answer`, `correct`, `question_id`) VALUES ('The struts-config.xml file',1,48);
INSERT INTO `answer`(`answer`, `correct`, `question_id`) VALUES ('The struts.xml file',0,48);
INSERT INTO `answer`(`answer`, `correct`, `question_id`) VALUES ('The web.xml file',0,48);
INSERT INTO `answer`(`answer`, `correct`, `question_id`) VALUES ('The struts.properties file',0,48);
INSERT INTO `answer`(`answer`, `correct`, `question_id`) VALUES ('View',0,49);
INSERT INTO `answer`(`answer`, `correct`, `question_id`) VALUES ('Model',0,49);
INSERT INTO `answer`(`answer`, `correct`, `question_id`) VALUES ('Controller',1,49);
INSERT INTO `answer`(`answer`, `correct`, `question_id`) VALUES ('Deployment',0,49);
INSERT INTO `answer`(`answer`, `correct`, `question_id`) VALUES ('Various Result support',0,50);
INSERT INTO `answer`(`answer`, `correct`, `question_id`) VALUES ('Integration Support',0,50);
INSERT INTO `answer`(`answer`, `correct`, `question_id`) VALUES ('Various Tag support',1,50);
INSERT INTO `answer`(`answer`, `correct`, `question_id`) VALUES ('Theme and Template support',0,50);
INSERT INTO `answer`(`answer`, `correct`, `question_id`) VALUES ('Use struts.properties',0,51);
INSERT INTO `answer`(`answer`, `correct`, `question_id`) VALUES ('Use custom file name and register it',1,51);
INSERT INTO `answer`(`answer`, `correct`, `question_id`) VALUES ('Both a and b',0,51);
INSERT INTO `answer`(`answer`, `correct`, `question_id`) VALUES ('None',0,51);
INSERT INTO `answer`(`answer`, `correct`, `question_id`) VALUES ('JavaBeans',0,52);
INSERT INTO `answer`(`answer`, `correct`, `question_id`) VALUES ('EJB',0,52);
INSERT INTO `answer`(`answer`, `correct`, `question_id`) VALUES ('CORBA',0,52);
INSERT INTO `answer`(`answer`, `correct`, `question_id`) VALUES ('All of these',1,52);
INSERT INTO `answer`(`answer`, `correct`, `question_id`) VALUES ('ActionErrors',0,53);
INSERT INTO `answer`(`answer`, `correct`, `question_id`) VALUES ('ActionForward',1,53);
INSERT INTO `answer`(`answer`, `correct`, `question_id`) VALUES ('ActionMapping',0,53);
INSERT INTO `answer`(`answer`, `correct`, `question_id`) VALUES ('ActionError',0,53);
INSERT INTO `answer`(`answer`, `correct`, `question_id`) VALUES ('AJAX Support',1,54);
INSERT INTO `answer`(`answer`, `correct`, `question_id`) VALUES ('Integration Support',0,54);
INSERT INTO `answer`(`answer`, `correct`, `question_id`) VALUES ('Various Tag Support',0,54);
INSERT INTO `answer`(`answer`, `correct`, `question_id`) VALUES ('Theme and Template Support',0,54);
INSERT INTO `answer`(`answer`, `correct`, `question_id`) VALUES (' By Input Validation',0,55);
INSERT INTO `answer`(`answer`, `correct`, `question_id`) VALUES ('By Ajax Validation',0,55);
INSERT INTO `answer`(`answer`, `correct`, `question_id`) VALUES ('By Custom Validation',1,55);
INSERT INTO `answer`(`answer`, `correct`, `question_id`) VALUES (' None of the above',0,55);
INSERT INTO `answer`(`answer`, `correct`, `question_id`) VALUES ('ActionServlet',1,56);
INSERT INTO `answer`(`answer`, `correct`, `question_id`) VALUES ('Action class',0,56);
INSERT INTO `answer`(`answer`, `correct`, `question_id`) VALUES ('Deployment descriptor',0,56);
INSERT INTO `answer`(`answer`, `correct`, `question_id`) VALUES ('None of the above',0,56);
INSERT INTO `answer`(`answer`, `correct`, `question_id`) VALUES ('Handles special clean up task when filters need access to an initialized struts framework',1,57);
INSERT INTO `answer`(`answer`, `correct`, `question_id`) VALUES ('Works like garbage collector in java',0,57);
INSERT INTO `answer`(`answer`, `correct`, `question_id`) VALUES ('All of these',0,57);
INSERT INTO `answer`(`answer`, `correct`, `question_id`) VALUES ('None',0,57);
INSERT INTO `answer`(`answer`, `correct`, `question_id`) VALUES ('run()',0,58);
INSERT INTO `answer`(`answer`, `correct`, `question_id`) VALUES ('destroy()',0,58);
INSERT INTO `answer`(`answer`, `correct`, `question_id`) VALUES ('execute()',1,58);
INSERT INTO `answer`(`answer`, `correct`, `question_id`) VALUES ('service()',0,58);
INSERT INTO `answer`(`answer`, `correct`, `question_id`) VALUES ('public void reset(ActionMapping mapping, HttpServletRequest request)',0,59);
INSERT INTO `answer`(`answer`, `correct`, `question_id`) VALUES ('public ActionErrors reset(ActionMapping mapping, HttpServletRequest request)',1,59);
INSERT INTO `answer`(`answer`, `correct`, `question_id`) VALUES ('public ActionError reset(ActionMapping mapping, HttpServletRequest request)',0,59);
INSERT INTO `answer`(`answer`, `correct`, `question_id`) VALUES ('None of the above',0,59);
INSERT INTO `answer`(`answer`, `correct`, `question_id`) VALUES ('set tag',0,60);
INSERT INTO `answer`(`answer`, `correct`, `question_id`) VALUES ('text tag',0,60);
INSERT INTO `answer`(`answer`, `correct`, `question_id`) VALUES ('url tag',1,60);
INSERT INTO `answer`(`answer`, `correct`, `question_id`) VALUES ('push tag',0,60);
INSERT INTO `answer`(`answer`, `correct`, `question_id`) VALUES (' average()',0,61);
INSERT INTO `answer`(`answer`, `correct`, `question_id`) VALUES (' avg()',1,61);
INSERT INTO `answer`(`answer`, `correct`, `question_id`) VALUES ('median()',0,61);
INSERT INTO `answer`(`answer`, `correct`, `question_id`) VALUES ('avg_val()',0,61);
INSERT INTO `answer`(`answer`, `correct`, `question_id`) VALUES ('Initialize a Laraval application',1,62);
INSERT INTO `answer`(`answer`, `correct`, `question_id`) VALUES (' Call laravel library functions',0,62);
INSERT INTO `answer`(`answer`, `correct`, `question_id`) VALUES ('Load the configuration files',0,62);
INSERT INTO `answer`(`answer`, `correct`, `question_id`) VALUES ('Load laravel classes and models',0,62);
INSERT INTO `answer`(`answer`, `correct`, `question_id`) VALUES ('clear-compiled',1,63);
INSERT INTO `answer`(`answer`, `correct`, `question_id`) VALUES ('clear compiled',0,63);
INSERT INTO `answer`(`answer`, `correct`, `question_id`) VALUES ('compiled:clear',0,63);
INSERT INTO `answer`(`answer`, `correct`, `question_id`) VALUES ('clear:all',0,63);
INSERT INTO `answer`(`answer`, `correct`, `question_id`) VALUES ('split()',0,64);
INSERT INTO `answer`(`answer`, `correct`, `question_id`) VALUES ('chunk()',1,64);
INSERT INTO `answer`(`answer`, `correct`, `question_id`) VALUES ('explode()',0,64);
INSERT INTO `answer`(`answer`, `correct`, `question_id`) VALUES ('break()',0,64);
INSERT INTO `answer`(`answer`, `correct`, `question_id`) VALUES ('cache:flush',0,65);
INSERT INTO `answer`(`answer`, `correct`, `question_id`) VALUES ('cache:clear',1,65);
INSERT INTO `answer`(`answer`, `correct`, `question_id`) VALUES ('cache:forget',0,65);
INSERT INTO `answer`(`answer`, `correct`, `question_id`) VALUES ('cache:remove',0,65);
INSERT INTO `answer`(`answer`, `correct`, `question_id`) VALUES ('Laravel Framework code',0,66);
INSERT INTO `answer`(`answer`, `correct`, `question_id`) VALUES ('Assets',0,66);
INSERT INTO `answer`(`answer`, `correct`, `question_id`) VALUES ('Third-party code',1,66);
INSERT INTO `answer`(`answer`, `correct`, `question_id`) VALUES ('Configuration files',0,66);
INSERT INTO `answer`(`answer`, `correct`, `question_id`) VALUES ('app/Http/',0,67);
INSERT INTO `answer`(`answer`, `correct`, `question_id`) VALUES ('routes/',1,67);
INSERT INTO `answer`(`answer`, `correct`, `question_id`) VALUES ('urls/',0,67);
INSERT INTO `answer`(`answer`, `correct`, `question_id`) VALUES ('vendors/',0,67);
INSERT INTO `answer`(`answer`, `correct`, `question_id`) VALUES ('.blade.php',1,68);
INSERT INTO `answer`(`answer`, `correct`, `question_id`) VALUES ('.php',0,68);
INSERT INTO `answer`(`answer`, `correct`, `question_id`) VALUES ('.vue',0,68);
INSERT INTO `answer`(`answer`, `correct`, `question_id`) VALUES ('.blade',0,68);
INSERT INTO `answer`(`answer`, `correct`, `question_id`) VALUES ('storage:link',1,69);
INSERT INTO `answer`(`answer`, `correct`, `question_id`) VALUES ('link:public',0,69);
INSERT INTO `answer`(`answer`, `correct`, `question_id`) VALUES ('link:storage',0,69);
INSERT INTO `answer`(`answer`, `correct`, `question_id`) VALUES ('storage:link public/storage',0,69);
INSERT INTO `answer`(`answer`, `correct`, `question_id`) VALUES ('execute() and rollback()',0,70);
INSERT INTO `answer`(`answer`, `correct`, `question_id`) VALUES ('up() and down()',1,70);
INSERT INTO `answer`(`answer`, `correct`, `question_id`) VALUES ('run() and delete()',0,70);
INSERT INTO `answer`(`answer`, `correct`, `question_id`) VALUES ('save() and update()',0,70);
INSERT INTO `answer`(`answer`, `correct`, `question_id`) VALUES ('For setting environment variables',1,71);
INSERT INTO `answer`(`answer`, `correct`, `question_id`) VALUES ('For running cron jobs',0,71);
INSERT INTO `answer`(`answer`, `correct`, `question_id`) VALUES ('For tracking vendors',0,71);
INSERT INTO `answer`(`answer`, `correct`, `question_id`) VALUES ('None of These',0,71);
INSERT INTO `answer`(`answer`, `correct`, `question_id`) VALUES ('app',0,72);
INSERT INTO `answer`(`answer`, `correct`, `question_id`) VALUES ('public',1,72);
INSERT INTO `answer`(`answer`, `correct`, `question_id`) VALUES ('config',0,72);
INSERT INTO `answer`(`answer`, `correct`, `question_id`) VALUES ('storage',0,72);
INSERT INTO `answer`(`answer`, `correct`, `question_id`) VALUES ('compact',0,73);
INSERT INTO `answer`(`answer`, `correct`, `question_id`) VALUES ('{{}}',1,73);
INSERT INTO `answer`(`answer`, `correct`, `question_id`) VALUES ('helpers',0,73);
INSERT INTO `answer`(`answer`, `correct`, `question_id`) VALUES ('None of the above',0,73);
INSERT INTO `answer`(`answer`, `correct`, `question_id`) VALUES ('501',0,74);
INSERT INTO `answer`(`answer`, `correct`, `question_id`) VALUES ('200',0,74);
INSERT INTO `answer`(`answer`, `correct`, `question_id`) VALUES ('400',0,74);
INSERT INTO `answer`(`answer`, `correct`, `question_id`) VALUES ('503',1,74);
INSERT INTO `answer`(`answer`, `correct`, `question_id`) VALUES ('config.php',0,75);
INSERT INTO `answer`(`answer`, `correct`, `question_id`) VALUES (' setting.php',0,75);
INSERT INTO `answer`(`answer`, `correct`, `question_id`) VALUES ('In seed files',0,75);
INSERT INTO `answer`(`answer`, `correct`, `question_id`) VALUES ('.ENV file',1,75);
INSERT INTO `answer`(`answer`, `correct`, `question_id`) VALUES ('Java web application framework',0,76);
INSERT INTO `answer`(`answer`, `correct`, `question_id`) VALUES ('PHP web application framework',1,76);
INSERT INTO `answer`(`answer`, `correct`, `question_id`) VALUES ('Python web application framework',0,76);
INSERT INTO `answer`(`answer`, `correct`, `question_id`) VALUES ('None Of The Above',0,76);
INSERT INTO `answer`(`answer`, `correct`, `question_id`) VALUES ('Developing android applications',0,77);
INSERT INTO `answer`(`answer`, `correct`, `question_id`) VALUES ('Developing ios applications',0,77);
INSERT INTO `answer`(`answer`, `correct`, `question_id`) VALUES ('Developing web applications',1,77);
INSERT INTO `answer`(`answer`, `correct`, `question_id`) VALUES ('All of the above',0,77);
INSERT INTO `answer`(`answer`, `correct`, `question_id`) VALUES ('Model View Controller support System',0,78);
INSERT INTO `answer`(`answer`, `correct`, `question_id`) VALUES ('Extremely Light Weight',0,78);
INSERT INTO `answer`(`answer`, `correct`, `question_id`) VALUES ('Full Featured database classes with compatibility to several platforms',0,78);
INSERT INTO `answer`(`answer`, `correct`, `question_id`) VALUES ('All of the above',1,78);
INSERT INTO `answer`(`answer`, `correct`, `question_id`) VALUES ('February 28, 2006',1,79);
INSERT INTO `answer`(`answer`, `correct`, `question_id`) VALUES ('February 27, 2006',0,79);
INSERT INTO `answer`(`answer`, `correct`, `question_id`) VALUES ('February 28, 2007',0,79);
INSERT INTO `answer`(`answer`, `correct`, `question_id`) VALUES ('None Of The Above',0,79);
INSERT INTO `answer`(`answer`, `correct`, `question_id`) VALUES ('View',0,80);
INSERT INTO `answer`(`answer`, `correct`, `question_id`) VALUES ('Model',1,80);
INSERT INTO `answer`(`answer`, `correct`, `question_id`) VALUES ('Controller',0,80);
INSERT INTO `answer`(`answer`, `correct`, `question_id`) VALUES ('None Of The Above',0,80);
INSERT INTO `answer`(`answer`, `correct`, `question_id`) VALUES ('post_sytem',0,81);
INSERT INTO `answer`(`answer`, `correct`, `question_id`) VALUES ('pre_controller',0,81);
INSERT INTO `answer`(`answer`, `correct`, `question_id`) VALUES ('post_controller_constructor',0,81);
INSERT INTO `answer`(`answer`, `correct`, `question_id`) VALUES (' All of the above',1,81);
INSERT INTO `answer`(`answer`, `correct`, `question_id`) VALUES ('assets folder',0,82);
INSERT INTO `answer`(`answer`, `correct`, `question_id`) VALUES ('config folder',1,82);
INSERT INTO `answer`(`answer`, `correct`, `question_id`) VALUES ('controller folder',0,82);
INSERT INTO `answer`(`answer`, `correct`, `question_id`) VALUES (' None Of The Above',0,82);
INSERT INTO `answer`(`answer`, `correct`, `question_id`) VALUES ('Gas',1,83);
INSERT INTO `answer`(`answer`, `correct`, `question_id`) VALUES ('Doctrine',0,83);
INSERT INTO `answer`(`answer`, `correct`, `question_id`) VALUES ('DataMapper',0,83);
INSERT INTO `answer`(`answer`, `correct`, `question_id`) VALUES ('All of the above',0,83);
INSERT INTO `answer`(`answer`, `correct`, `question_id`) VALUES ('set()',0,84);
INSERT INTO `answer`(`answer`, `correct`, `question_id`) VALUES ('set_value()',1,84);
INSERT INTO `answer`(`answer`, `correct`, `question_id`) VALUES ('setvalue()',0,84);
INSERT INTO `answer`(`answer`, `correct`, `question_id`) VALUES ('None Of The Above',0,84);
INSERT INTO `answer`(`answer`, `correct`, `question_id`) VALUES ('$this->db->update(mytable, $object);',1,85);
INSERT INTO `answer`(`answer`, `correct`, `question_id`) VALUES ('$this->db->updated(mytable, $object);',0,85);
INSERT INTO `answer`(`answer`, `correct`, `question_id`) VALUES ('$this->db->updateData(mytable, $object)',0,85);
INSERT INTO `answer`(`answer`, `correct`, `question_id`) VALUES ('None Of The Above',0,85);
INSERT INTO `answer`(`answer`, `correct`, `question_id`) VALUES ('somethingvtwo',1,86);
INSERT INTO `answer`(`answer`, `correct`, `question_id`) VALUES ('index.php',0,86);
INSERT INTO `answer`(`answer`, `correct`, `question_id`) VALUES ('somethingvone',0,86);
INSERT INTO `answer`(`answer`, `correct`, `question_id`) VALUES ('None Of The Above',0,86);
INSERT INTO `answer`(`answer`, `correct`, `question_id`) VALUES ('get_cookie()',1,87);
INSERT INTO `answer`(`answer`, `correct`, `question_id`) VALUES ('list_cookie()',0,87);
INSERT INTO `answer`(`answer`, `correct`, `question_id`) VALUES ('dis_cookie()',0,87);
INSERT INTO `answer`(`answer`, `correct`, `question_id`) VALUES ('set_cookie()',0,87);
INSERT INTO `answer`(`answer`, `correct`, `question_id`) VALUES ('this->benchmark->memory_use()',0,88);
INSERT INTO `answer`(`answer`, `correct`, `question_id`) VALUES ('this->memory_use()',0,88);
INSERT INTO `answer`(`answer`, `correct`, `question_id`) VALUES ('this->benchmark->memory_usage()',1,88);
INSERT INTO `answer`(`answer`, `correct`, `question_id`) VALUES ('this->memory_usage()',0,88);
INSERT INTO `answer`(`answer`, `correct`, `question_id`) VALUES ('Logs',0,89);
INSERT INTO `answer`(`answer`, `correct`, `question_id`) VALUES ('Core',1,89);
INSERT INTO `answer`(`answer`, `correct`, `question_id`) VALUES ('Models',0,89);
INSERT INTO `answer`(`answer`, `correct`, `question_id`) VALUES ('Helpers',0,89);
INSERT INTO `answer`(`answer`, `correct`, `question_id`) VALUES ('Date Helper',0,90);
INSERT INTO `answer`(`answer`, `correct`, `question_id`) VALUES (' Cookie Helper',0,90);
INSERT INTO `answer`(`answer`, `correct`, `question_id`) VALUES ('Array Helper',1,90);
INSERT INTO `answer`(`answer`, `correct`, `question_id`) VALUES ('None of above',0,90);